"";"year";"trapseason";"station";"id";"c1";"c2";"weight";"sex01";"Nindnum";"datetime"
"1";2018;1;"G1";159;0;1;45;1;"0007D5FFFC";2018-06-16
"2";2018;1;"G1";203;0;1;38;0;"0007D2BF5E";2018-06-16
"3";2018;1;"G1";204;0;1;43;1;"0007D6080B";2018-06-16
"4";2018;1;"G1";160;1;1;33;0;"0007D39947";2018-06-16
"5";2018;1;"G10";150;0;1;34;1;"0007D60174";2018-06-16
"6";2018;1;"G10";165;1;1;46,5;0;"0007D60771";2018-06-16
"7";2018;1;"G11";149;0;1;11;1;"0007D60FE5";2018-06-16
"8";2018;1;"G11";188;0;1;46;0;"0007D26800";2018-06-16
"9";2018;1;"G11";189;0;1;12;1;"UNMF";2018-06-16
"10";2018;1;"G11";190;0;1;12;1;"UNMG";2018-06-16
"11";2018;1;"G11";191;0;1;12;0;"UNMH";2018-06-16
"12";2018;1;"G11";192;0;1;45;1;"0007D30847";2018-06-16
"13";2018;1;"G11";193;0;1;11;0;"UNMI";2018-06-16
"14";2018;1;"G11";146;1;1;20;0;"0007D3A9E8";2018-06-16
"15";2018;1;"G11";147;1;1;26;1;"0007D612E6";2018-06-16
"16";2018;1;"G11";148;1;1;23,5;1;"0007D60325";2018-06-16
"17";2018;1;"G11";166;1;1;45;0;"0007D3082C";2018-06-16
"18";2018;1;"G11";167;1;0;14;0;"0007D37311";2018-06-16
"19";2018;1;"G12";145;0;1;45;0;"0007D6055A";2018-06-16
"20";2018;1;"G12";186;0;1;42;0;"0007D3102F";2018-06-16
"21";2018;1;"G12";187;0;1;42;1;"0007D5FFAF";2018-06-16
"22";2018;1;"G12";138;1;1;15,5;0,5;"0007D60EEA";2018-06-16
"23";2018;1;"G12";168;1;0;15;1;"0007D2D786";2018-06-16
"24";2018;1;"G12";169;1;0;11;1;"0007D3992C";2018-06-16
"25";2018;1;"G12";170;1;0;10;0;"UNMA";2018-06-16
"26";2018;1;"G12";171;1;1;33,5;0;"0007D2DFAC";2018-06-16
"27";2018;1;"G12";185;1;1;10;0;"UNME";2018-06-16
"28";2018;1;"G14";143;0;1;26;0;"0007D61048";2018-06-16
"29";2018;1;"G14";172;1;1;38;0;"0007D6054F";2018-06-16
"30";2018;1;"G15";183;0;1;19;0;"0007D613A3";2018-06-16
"31";2018;1;"G15";173;1;0;40;1;"0007D6138F";2018-06-16
"32";2018;1;"G16";142;0;1;46;1;"0007D60B39";2018-06-16
"33";2018;1;"G16";176;1;1;34,5;0;"0007D60AEE";2018-06-16
"34";2018;1;"G19";141;0;1;18;1;"0007D60B2E";2018-06-16
"35";2018;1;"G19";177;1;1;42;0;"0007D6128B";2018-06-16
"36";2018;1;"G19";178;1;1;12;1;"UNMB";2018-06-16
"37";2018;1;"G19";179;1;1;11,5;0;"UNMC";2018-06-16
"38";2018;1;"G19";180;1;1;11;1;"UNMD";2018-06-16
"39";2018;1;"G19";181;1;0;18;1;"0007D60748";2018-06-16
"40";2018;1;"G2";158;0;1;37;1;"0007D60005";2018-06-16
"41";2018;1;"G2";197;0;1;9;0;"UNMJ01";2018-06-16
"42";2018;1;"G2";198;0;1;9;0;"UNMJ02";2018-06-16
"43";2018;1;"G2";199;0;1;9;0;"UNMJ03";2018-06-16
"44";2018;1;"G2";200;0;1;9;1;"UNMJ04";2018-06-16
"45";2018;1;"G2";201;0;1;9;1;"UNMJ05";2018-06-16
"46";2018;1;"G2";202;0;1;34;0;"0007D60571";2018-06-16
"47";2018;1;"G2";161;1;1;39;0;"0007D607DA";2018-06-16
"48";2018;1;"G20";140;0;1;37;1;"0007D60914";2018-06-16
"49";2018;1;"G20";182;1;1;25;0;"0007D60469";2018-06-16
"50";2018;1;"G7";163;1;0;16;0;"0007D327AA";2018-06-16
"51";2018;1;"G8";194;0;1;42;1;"0007D485C1";2018-06-16
"52";2018;1;"G8";152;1;1;52;0;"0007D2C9AC";2018-06-16
"53";2018;1;"G8";164;1;0;14;0;"0007D2E678";2018-06-16
"54";2018;1;"T1-2";1195;0;1;32;0;"0007D60676";2018-06-16
"55";2018;1;"T1-2";1223;0;1;NA;NA;"0007D3A8B5";2018-06-16
"56";2018;1;"T1-2";1222;1;0;37;1;"0007D2B774";2018-06-16
"57";2018;1;"T1-3";1196;0;1;40;1;"0007D60CAC";2018-06-16
"58";2018;1;"T1-3";1221;1;0;35;0;"0007D3D189";2018-06-16
"59";2018;1;"T2-1";1197;0;1;43;1;"0007D5FD6C";2018-06-16
"60";2018;1;"T2-1";1198;0;1;15;0;"0007D60DB8";2018-06-16
"61";2018;1;"T2-1";1199;0;1;46;1;"0007D5FEF4";2018-06-16
"62";2018;1;"T2-1";1224;0;1;42;0;"0007D615A4";2018-06-16
"63";2018;1;"T2-1";1225;0;1;42;1;"0007D306EA";2018-06-16
"64";2018;1;"T2-1";1190;1;1;45;1;"0007D39A1C";2018-06-16
"65";2018;1;"T2-1";1191;1;0;14;1;"0007D2E246";2018-06-16
"66";2018;1;"T2-1";1192;1;0;38;1;"0007D31A54";2018-06-16
"67";2018;1;"T2-1";1208;1;1;17,5;1;"0007D6166F";2018-06-16
"68";2018;1;"T2-1";1209;1;1;45,5;0;"0007D606CC";2018-06-16
"69";2018;1;"T2-1";1210;1;1;15,5;1;"0007D610EB";2018-06-16
"70";2018;1;"T2-1";1211;1;1;46;1;"0007D6027B";2018-06-16
"71";2018;1;"T2-1";1212;1;1;19;0;"0007D60C2F";2018-06-16
"72";2018;1;"T2-1";1213;1;1;43;0;"0007D6134A";2018-06-16
"73";2018;1;"T2-1";1214;1;0;43;0;"0007D2D589";2018-06-16
"74";2018;1;"T2-2";1200;0;1;50;0;"0007D5FFFB";2018-06-16
"75";2018;1;"T2-2";1226;0;1;17;1;"0007D3A656";2018-06-16
"76";2018;1;"T2-2";1227;0;1;22;0;"0007D6104E";2018-06-16
"77";2018;1;"T2-2";1228;0;1;48;1;"0007D2C99E";2018-06-16
"78";2018;1;"T2-2";1193;1;0;43;1;"0007D60376";2018-06-16
"79";2018;1;"T2-2";1194;1;1;46;1;"0007D60977";2018-06-16
"80";2018;1;"T2-2";1201;1;1;49,5;1;"0007D6138D";2018-06-16
"81";2018;1;"T2-2";1215;1;0;49;0;"0007D60630";2018-06-16
"82";2018;1;"T2-2";1216;1;0;43;1;"0007D6120B";2018-06-16
"83";2018;1;"T2-2";1217;1;1;56;0;"0007D60A1A";2018-06-16
"84";2018;1;"T2-2";1218;1;1;14,5;0;"0007D6029E";2018-06-16
"85";2018;1;"T2-2";1219;1;0;30;0;"0007D609D1";2018-06-16
"86";2018;1;"T2-2";1220;1;0;40;0;"UNMA";2018-06-16
"87";2018;1;"T3-1";1232;0;1;42;1;"0007D60D5D";2018-06-16
"88";2018;1;"T3-2";1202;0;1;15;1;"0007D318E5";2018-06-16
"89";2018;1;"T3-2";1204;0;1;52;1;"0007D61404";2018-06-16
"90";2018;1;"T3-2";1207;1;0;15;1;"0007D3CF8F";2018-06-16
"91";2018;1;"T5-1";1233;0;1;43;1;"0007D2D094";2018-06-16
"92";2018;1;"T5-2";1189;1;1;39,5;1;"0007D60241";2018-06-16
"93";2018;3;"G1";339;0;1;36;0;"0007DFC1DA";2018-09-11
"94";2018;3;"G1";340;0;1;44;0;"0007DFB444";2018-09-11
"95";2018;3;"G1";341;0;1;30;1;"0007DFA19B";2018-09-11
"96";2018;3;"G1";376;0;1;37;0;"0007DFFFCE";2018-09-11
"97";2018;3;"G1";377;0;1;28;0;"ESCNA2";2018-09-11
"98";2018;3;"G1";378;0;1;35;0;"0007DFBA29";2018-09-11
"99";2018;3;"G1";205;1;0;41;0;"0007D5FFCE";2018-09-11
"100";2018;3;"G1";206;1;1;25;1;"0007DFB614";2018-09-11
"101";2018;3;"G1";207;1;1;34;0;"0007DFB5E8";2018-09-11
"102";2018;3;"G1";265;1;1;31,5;0;"0007DFB4AB";2018-09-11
"103";2018;3;"G1";266;1;1;27,5;1;"0007DFB4B1";2018-09-11
"104";2018;3;"G1";267;1;1;20,5;1;"0007DFB64C";2018-09-11
"105";2018;3;"G1";268;1;0;44;1;"0007DFA979";2018-09-11
"106";2018;3;"G11";317;0;1;20;0;"0007DFB692";2018-09-11
"107";2018;3;"G11";318;0;1;28;1;"0007DFB62D";2018-09-11
"108";2018;3;"G11";319;0;1;47;0;"0007DFAE98";2018-09-11
"109";2018;3;"G11";351;0;1;42;0;"0007DF3390";2018-09-11
"110";2018;3;"G11";352;0;1;45;0;"0007DFBBG5";2018-09-11
"111";2018;3;"G11";231;1;0;30;0;"0007DFB85C";2018-09-11
"112";2018;3;"G11";232;1;1;21,5;0;"0007DFBB61";2018-09-11
"113";2018;3;"G11";233;1;0;39;0;"0007DF33OD";2018-09-11
"114";2018;3;"G11";234;1;1;41,5;1;"0007DFDACÃ˜";2018-09-11
"115";2018;3;"G11";235;1;0;11;1;"UNM001";2018-09-11
"116";2018;3;"G11";236;1;0;11;1;"UNM002";2018-09-11
"117";2018;3;"G11";237;1;0;11;0;"UNM003";2018-09-11
"118";2018;3;"G11";238;1;0;11;0;"UNM004";2018-09-11
"119";2018;3;"G11";239;1;0;11;0;"UNM005";2018-09-11
"120";2018;3;"G11";240;1;0;40;0;"0007DFBB65";2018-09-11
"121";2018;3;"G11";241;1;0;21;0;"0007DFB908";2018-09-11
"122";2018;3;"G11";289;1;1;32;0;"0007DFB522";2018-09-11
"123";2018;3;"G11";292;1;0;58;0;"0007DFA9E8";2018-09-11
"124";2018;3;"G11";293;1;1;40,5;0;"0007DFB459";2018-09-11
"125";2018;3;"G11";294;1;1;22,5;1;"0007DFB9E7";2018-09-11
"126";2018;3;"G15";312;0;1;38;1;"0007DFB7E6";2018-09-11
"127";2018;3;"G15";313;0;1;21;0;"0007DFB4B8";2018-09-11
"128";2018;3;"G15";314;0;1;32;1;"0007DFB6B6";2018-09-11
"129";2018;3;"G15";315;0;1;25;0;"0007DFB753";2018-09-11
"130";2018;3;"G15";348;0;1;23;1;"0007DFB551";2018-09-11
"131";2018;3;"G15";349;0;1;15;1;"0007DF05EB";2018-09-11
"132";2018;3;"G15";350;0;1;11;1;"UNM006";2018-09-11
"133";2018;3;"G15";242;1;0;14;1;"0007DF04B4";2018-09-11
"134";2018;3;"G15";243;1;0;23;1;"0007DF0BF8";2018-09-11
"135";2018;3;"G15";244;1;0;17;1;"0007DF0EEB";2018-09-11
"136";2018;3;"G15";245;1;0;20;1;"0007DF13E2";2018-09-11
"137";2018;3;"G15";246;1;0;19;0;"0007DF012B";2018-09-11
"138";2018;3;"G15";247;1;1;36,5;0;"0007DFDFEE";2018-09-11
"139";2018;3;"G15";248;1;1;35,5;1;"0007DF02D5";2018-09-11
"140";2018;3;"G15";249;1;1;37;0;"0007DF0258";2018-09-11
"141";2018;3;"G15";295;1;1;35;0,5;"0007DFB7FE";2018-09-11
"142";2018;3;"G15";296;1;0;24;1;"0007DFB61C";2018-09-11
"143";2018;3;"G15";297;1;1;30,5;1;"0007DFB56E";2018-09-11
"144";2018;3;"G15";298;1;1;25;0;"0007DFB6FA";2018-09-11
"145";2018;3;"G16";310;0;1;15;1;"0007DFB52C";2018-09-11
"146";2018;3;"G16";311;0;1;28;1;"0007DFB5C3";2018-09-11
"147";2018;3;"G16";343;0;1;18;1;"0007DFB47B";2018-09-11
"148";2018;3;"G16";344;0;1;24;1;"0007DFB7F3";2018-09-11
"149";2018;3;"G16";345;0;1;21;1;"0007DFB793";2018-09-11
"150";2018;3;"G16";346;0;1;32;0;"0007DFB7AÃ˜";2018-09-11
"151";2018;3;"G16";250;1;1;32,5;1;"0007DFDEA3";2018-09-11
"152";2018;3;"G16";251;1;1;31,5;0;"0007DF0726";2018-09-11
"153";2018;3;"G16";252;1;1;31,5;0;"0007DF0DE0";2018-09-11
"154";2018;3;"G16";253;1;1;29,5;1;"0007DFB55A";2018-09-11
"155";2018;3;"G16";299;1;0;16;0;"0007DFB451";2018-09-11
"156";2018;3;"G19";309;0;1;28;1;"0007DFB719";2018-09-11
"157";2018;3;"G19";342;0;1;25;1;"0007DFB758";2018-09-11
"158";2018;3;"G19";254;1;0;27;1;"0007DFB972";2018-09-11
"159";2018;3;"G19";255;1;1;43;1;"0007DFBB2C";2018-09-11
"160";2018;3;"G19";256;1;1;17,5;0;"0007DFBB11";2018-09-11
"161";2018;3;"G19";257;1;1;24;0;"0007DFB86F";2018-09-11
"162";2018;3;"G19";258;1;0;41;1;"0007DFA8DB";2018-09-11
"163";2018;3;"G19";300;1;1;40,5;0;"0007DFBBDE";2018-09-11
"164";2018;3;"G19";301;1;1;17,5;1;"0007DFB66B";2018-09-11
"165";2018;3;"G19";302;1;1;24,5;0;"0007DFB790";2018-09-11
"166";2018;3;"G2";337;0;1;30;1;"0007DF9E3E";2018-09-11
"167";2018;3;"G2";338;0;1;31;1;"0007DFB79E";2018-09-11
"168";2018;3;"G2";372;0;1;42;1;"0007DF0DF7";2018-09-11
"169";2018;3;"G2";373;0;1;25;1;"0007DFB8A0";2018-09-11
"170";2018;3;"G2";374;0;1;8;0;"UNM008";2018-09-11
"171";2018;3;"G2";375;0;1;24;1;"0007DFB086";2018-09-11
"172";2018;3;"G2";208;1;1;29,5;0;"0007DF13CF";2018-09-11
"173";2018;3;"G2";209;1;0;23;1;"0007DFB5BÃ˜";2018-09-11
"174";2018;3;"G2";210;1;1;27;1;"0007DFB7BC";2018-09-11
"175";2018;3;"G2";211;1;1;35,5;0;"0007DFB552";2018-09-11
"176";2018;3;"G2";212;1;1;25;1;"0007DFB774";2018-09-11
"177";2018;3;"G2";213;1;0;NA;0;"ESCNA1";2018-09-11
"178";2018;3;"G2";269;1;0;43;1;"0007DF0D57";2018-09-11
"179";2018;3;"G2";270;1;0;33;1;"0007DF0E2D";2018-09-11
"180";2018;3;"G2";271;1;0;43;1;"0007DFB657";2018-09-11
"181";2018;3;"G2";272;1;0;32;0;"0007DFB7E5";2018-09-11
"182";2018;3;"G2";273;1;1;18;0,5;"0007DFB676";2018-09-11
"183";2018;3;"G2";274;1;1;18,5;1;"0007DFB527";2018-09-11
"184";2018;3;"G2";275;1;0;28;1;"0007DFB6FD";2018-09-11
"185";2018;3;"G20";307;0;1;39;1;"0007DFB6F1";2018-09-11
"186";2018;3;"G20";259;1;0;22;1;"0007DFB8E8";2018-09-11
"187";2018;3;"G20";261;1;1;26,5;1;"0007DFB97A";2018-09-11
"188";2018;3;"G20";262;1;1;24;0;"0007DFBA81";2018-09-11
"189";2018;3;"G20";263;1;1;30,5;1;"0007DFBB7D";2018-09-11
"190";2018;3;"G20";264;1;1;25,5;0;"0007DFB60A";2018-09-11
"191";2018;3;"G20";303;1;1;22;1;"0007DFB734";2018-09-11
"192";2018;3;"G20";304;1;1;24;1;"0007DFB5D8";2018-09-11
"193";2018;3;"G20";305;1;0;23;0;"0007DFB506";2018-09-11
"194";2018;3;"G20";306;1;1;22;1;"0007DFB518";2018-09-11
"195";2018;3;"G5";220;1;0;34;0;"0007DFB4F6";2018-09-11
"196";2018;3;"G5";222;1;0;25;1;"0007DFB453";2018-09-11
"197";2018;3;"G5";225;1;0;24;1;"0007DFB55F";2018-09-11
"198";2018;3;"G6";324;0;1;22;1;"0007DFB450";2018-09-11
"199";2018;3;"G6";327;0;1;25;1;"0007DFB7F9";2018-09-11
"200";2018;3;"G6";328;0;1;26;0;"0007DFB495";2018-09-11
"201";2018;3;"G6";357;0;1;19;0;"0007DFBB15";2018-09-11
"202";2018;3;"G6";358;0;1;20;1;"0007DFB9F4";2018-09-11
"203";2018;3;"G6";359;0;1;18;0;"0007DFB87D";2018-09-11
"204";2018;3;"G6";364;0;1;27;0;"0007DFB519";2018-09-11
"205";2018;3;"G6";282;1;0;38;1;"0007DFB48F";2018-09-11
"206";2018;3;"G6";283;1;0;28;0;"0007DFB6A7";2018-09-11
"207";2018;3;"G8";321;0;1;42;0;"0007DFC9AC";2018-09-11
"208";2018;3;"G8";322;0;1;43;1;"0007DFB69C";2018-09-11
"209";2018;3;"G8";353;0;1;34;0;"0007DFB8D9";2018-09-11
"210";2018;3;"G8";355;0;1;25;1;"0007DFB478";2018-09-11
"211";2018;3;"G8";226;1;1;29;1;"0007DFB8C8";2018-09-11
"212";2018;3;"G8";227;1;0;24;1;"0007DFB948";2018-09-11
"213";2018;3;"G8";228;1;0;25;0;"0007DFBBFÃ˜";2018-09-11
"214";2018;3;"G8";229;1;1;38;0;"0007DFBA42";2018-09-11
"215";2018;3;"G8";230;1;0;23;0;"0007DFB548";2018-09-11
"216";2018;3;"G8";286;1;0;21;0;"0007DFB50B";2018-09-11
"217";2018;3;"G8";287;1;1;22,5;0;"0007DFB442";2018-09-11
"218";2018;3;"G8";288;1;1;30,5;1;"0007DFB816";2018-09-11
"219";2018;3;"T1-2";1281;0;1;30;1;"0007DFB748";2018-09-11
"220";2018;3;"T1-2";1282;0;1;25;1;"0007DF0F22";2018-09-11
"221";2018;3;"T1-2";1371;0;1;31;0;"0007DFB6B1";2018-09-11
"222";2018;3;"T1-2";1372;0;1;20;0;"0007DFB507";2018-09-11
"223";2018;3;"T1-2";1373;0;1;35;0;"0007DFD4D2";2018-09-11
"224";2018;3;"T1-2";1277;1;0;20;1;"0007DFB809";2018-09-11
"225";2018;3;"T1-2";1278;1;1;17,5;0;"0007DFB482";2018-09-11
"226";2018;3;"T1-2";1279;1;0;35;0;"0007DFFFC4";2018-09-11
"227";2018;3;"T1-2";1280;1;0;42;0;"0007DFA8B5";2018-09-11
"228";2018;3;"T1-2";1366;1;0;25;1;"0007DF0F92";2018-09-11
"229";2018;3;"T1-2";1367;1;1;40,5;0;"0007DF165B";2018-09-11
"230";2018;3;"T1-2";1368;1;0;25;1;"0007DFDF22";2018-09-11
"231";2018;3;"T1-3";1283;0;1;30;1;"0007DFB4C1";2018-09-11
"232";2018;3;"T1-3";1374;0;1;12;1;"UNM004";2018-09-11
"233";2018;3;"T1-3";1375;0;1;27;1;"0007DFB935";2018-09-11
"234";2018;3;"T1-3";1369;1;0;12;1;"UNM003";2018-09-11
"235";2018;3;"T1-3";1370;1;1;45,5;0;"0007DFD189";2018-09-11
"236";2018;3;"T2-1";1284;0;1;48;0;"0007DFB75D";2018-09-11
"237";2018;3;"T2-1";1285;0;1;16;1;"UNM002";2018-09-11
"238";2018;3;"T2-1";1376;0;1;45;0;"0007DFD589";2018-09-11
"239";2018;3;"T2-1";1377;0;1;42;0;"0007DF06CC";2018-09-11
"240";2018;3;"T2-1";1378;0;1;26;1;"0007DFB608";2018-09-11
"241";2018;3;"T2-1";1379;0;1;23;1;"0007DFB6DD";2018-09-11
"242";2018;3;"T2-1";1380;0;1;32;0;"0007DF0C2F";2018-09-11
"243";2018;3;"T2-1";1381;0;1;18;1;"0007DFBA48";2018-09-11
"244";2018;3;"T2-1";1382;0;1;28;1;"0007DFB653";2018-09-11
"245";2018;3;"T2-1";1249;1;0;28;1;"0007DFB593";2018-09-11
"246";2018;3;"T2-1";1250;1;1;22,5;0,5;"0007DFC4D3";2018-09-11
"247";2018;3;"T2-1";1251;1;0;29;1;"0007DFB641";2018-09-11
"248";2018;3;"T2-1";1252;1;0;33;1;"0007DFB6B6";2018-09-11
"249";2018;3;"T2-1";1253;1;0;32;1;"0007DFB44D";2018-09-11
"250";2018;3;"T2-1";1254;1;1;31;1;"0007DFB60D";2018-09-11
"251";2018;3;"T2-1";1255;1;0;43;0;"0007DF1597";2018-09-11
"252";2018;3;"T2-1";1256;1;1;30;1;"0007DF15DC";2018-09-11
"253";2018;3;"T2-1";1257;1;0;27;1;"0007DFB64A";2018-09-11
"254";2018;3;"T2-1";1336;1;1;25;1;"0007DFBB5C";2018-09-11
"255";2018;3;"T2-1";1337;1;1;26;0;"0007DFB895";2018-09-11
"256";2018;3;"T2-1";1338;1;1;26,5;0;"0007DFB859";2018-09-11
"257";2018;3;"T2-1";1339;1;0;26;0;"0007DFB992";2018-09-11
"258";2018;3;"T2-1";1340;1;0;32;1;"0007DF9F78";2018-09-11
"259";2018;3;"T2-1";1341;1;1;24;0,5;"0007DFB7CB";2018-09-11
"260";2018;3;"T2-1";1342;1;0;25;1;"ESCNA2";2018-09-11
"261";2018;3;"T2-1";1343;1;0;45;0;"0007DF0GCC";2018-09-11
"262";2018;3;"T2-1";1344;1;1;38,5;0;"0007DF134A";2018-09-11
"263";2018;3;"T2-1";1345;1;1;23,5;0,5;"0007DFBC16";2018-09-11
"264";2018;3;"T2-1";1346;1;0;18;1;"0007DFBA42";2018-09-11
"265";2018;3;"T2-1";1347;1;1;19,5;1;"0007DFBACF";2018-09-11
"266";2018;3;"T2-1";1348;1;1;18,5;1;"0007DFB4F7";2018-09-11
"267";2018;3;"T2-1";1349;1;0;30;1;"0007DFBA5C";2018-09-11
"268";2018;3;"T2-1";1350;1;1;27;1;"0007DFB9C1";2018-09-11
"269";2018;3;"T2-1";1351;1;0;25;1;"ESCNA3";2018-09-11
"270";2018;3;"T2-1";1352;1;1;24;0;"0007DFBA3A";2018-09-11
"271";2018;3;"T2-1";1353;1;1;26,5;0;"0007DFB858";2018-09-11
"272";2018;3;"T2-2";1288;0;1;26;1;"0007DFB637";2018-09-11
"273";2018;3;"T2-2";1289;0;1;20;0;"0007DFB5C8";2018-09-11
"274";2018;3;"T2-2";1290;0;1;14;1;"0007DFB576";2018-09-11
"275";2018;3;"T2-2";1291;0;1;23;1;"0007DFAAB2";2018-09-11
"276";2018;3;"T2-2";1292;0;1;33;1;"0007DFDB66";2018-09-11
"277";2018;3;"T2-2";1383;0;1;13;0;"ESCNA4";2018-09-11
"278";2018;3;"T2-2";1384;0;1;20;0;"0007DFB543";2018-09-11
"279";2018;3;"T2-2";1385;0;1;20;0;"0007DFB6AØ";2018-09-11
"280";2018;3;"T2-2";1386;0;1;43;1;"0007DF2F13";2018-09-11
"281";2018;3;"T2-2";1387;0;1;25;1;"0007DFB9C4";2018-09-11
"282";2018;3;"T2-2";1388;0;1;32;0;"0007DF0001";2018-09-11
"283";2018;3;"T2-2";1389;0;1;15;1;"0007DFDFBD";2018-09-11
"284";2018;3;"T2-2";1390;0;1;13;1;" 0007DFB5A3";2018-09-11
"285";2018;3;"T2-2";1391;0;1;14;1;"0007DFB61F";2018-09-11
"286";2018;3;"T2-2";1392;0;1;33;0;"0007DF09D1";2018-09-11
"287";2018;3;"T2-2";1393;0;1;23;1;"0007DFB70D";2018-09-11
"288";2018;3;"T2-2";1394;0;1;24;0;"0007DFB795";2018-09-11
"289";2018;3;"T2-2";1395;0;1;26;1;"0007DFB525";2018-09-11
"290";2018;3;"T2-2";1258;1;1;23;1;"0007DFB6CB";2018-09-11
"291";2018;3;"T2-2";1259;1;0;22;1;"0007DFB6AD";2018-09-11
"292";2018;3;"T2-2";1260;1;1;24;1;"0007DFB455";2018-09-11
"293";2018;3;"T2-2";1261;1;0;37;0;"0007DFC2B8";2018-09-11
"294";2018;3;"T2-2";1262;1;0;29;0;"0007DFD7C6";2018-09-11
"295";2018;3;"T2-2";1263;1;0;26;1;"0007DFB788";2018-09-11
"296";2018;3;"T2-2";1264;1;1;28;0;"0007DFB612";2018-09-11
"297";2018;3;"T2-2";1265;1;1;31;0;"0007DFCD66";2018-09-11
"298";2018;3;"T2-2";1266;1;0;13;0;"0007DFB9D9";2018-09-11
"299";2018;3;"T2-2";1267;1;1;27;1;"0007DFB51B";2018-09-11
"300";2018;3;"T2-2";1268;1;0;27;0;"0007DFB5E4";2018-09-11
"301";2018;3;"T2-2";1269;1;1;15,5;1;"0007DFB6AF";2018-09-11
"302";2018;3;"T2-2";1270;1;1;20;0;"0007DFB6EE";2018-09-11
"303";2018;3;"T2-2";1271;1;0;12;1;"UNM001";2018-09-11
"304";2018;3;"T2-2";1272;1;1;17;0,5;"0007DFB4BB";2018-09-11
"305";2018;3;"T2-2";1273;1;0;33;0;"0007DFDB56";2018-09-11
"306";2018;3;"T2-2";1274;1;0;30;1;"0007DFB78D";2018-09-11
"307";2018;3;"T2-2";1275;1;1;34,5;0;"0007DF043F";2018-09-11
"308";2018;3;"T2-2";1287;1;1;27;1;"0007DF13AB";2018-09-11
"309";2018;3;"T2-2";1354;1;1;40;0;"0007DF0630";2018-09-11
"310";2018;3;"T2-2";1355;1;1;13,5;0,5;"0007DFB53C";2018-09-11
"311";2018;3;"T2-2";1356;1;1;14;1;"0007DFBB96";2018-09-11
"312";2018;3;"T2-2";1357;1;1;25;1;"0007DF02BD";2018-09-11
"313";2018;3;"T2-2";1358;1;0;30;0;"0007DFCC7D";2018-09-11
"314";2018;3;"T2-2";1359;1;1;23;1;"0007DFFD82";2018-09-11
"315";2018;3;"T2-2";1360;1;0;30;1;"0007DF1568";2018-09-11
"316";2018;3;"T2-2";1361;1;0;15;1;"0007DF0FB0";2018-09-11
"317";2018;3;"T2-2";1362;1;0;15;1;"0007DF0534";2018-09-11
"318";2018;3;"T2-2";1363;1;0;30;0;"0007DF11FA";2018-09-11
"319";2018;3;"T2-2";1364;1;1;37,5;1;"0007DFD57E";2018-09-11
"320";2018;3;"T2-2";1365;1;0;20;1;"0007DF0BAC";2018-09-11
"321";2018;3;"T3-1";1333;1;1;37;0;"0007DFBA2E";2018-09-11
"322";2018;3;"T3-2";1297;0;1;30;1;"0007DFB44F";2018-09-11
"323";2018;3;"T3-2";1298;0;1;22;0;"0007DFB55E";2018-09-11
"324";2018;3;"T3-2";1299;0;1;29;0;"0007DFB520";2018-09-11
"325";2018;3;"T3-2";1241;1;0;21;1;"0007DFB73D";2018-09-11
"326";2018;3;"T3-2";1242;1;0;25;1;"0007DFB5D5";2018-09-11
"327";2018;3;"T3-2";1243;1;1;35,5;0;"0007DFBEB9";2018-09-11
"328";2018;3;"T3-2";1244;1;0;29;1;"ESCNA1";2018-09-11
"329";2018;3;"T3-2";1334;1;1;30;1;"0007DFB90D";2018-09-11
"330";2018;3;"T5-1";1410;0;1;15;1;"0007DFB80A";2018-09-11
"331";2018;3;"T5-1";1411;0;1;17;1;"0007DFB8D8";2018-09-11
"332";2018;3;"T5-1";1412;0;1;16;0;"0007DFB60E";2018-09-11
"333";2018;3;"T5-1";1413;0;1;15;0;"0007DFB638";2018-09-11
"334";2018;3;"T5-1";1414;0;1;13;0;"0007DFB602";2018-09-11
"335";2018;3;"T5-1";1317;1;1;37,5;0;"0007DFB792";2018-09-11
"336";2018;3;"T5-1";1318;1;1;13;1;"0007DFB4EF";2018-09-11
"337";2018;3;"T5-1";1319;1;1;12,5;1;"0007DFB6D8";2018-09-11
"338";2018;3;"T5-1";1320;1;1;12,5;0;"0007DFB6BØ";2018-09-11
"339";2018;3;"T5-1";1321;1;1;12,5;0;"0007DFB55C";2018-09-11
"340";2018;3;"T5-1";1322;1;0;16;1;"0007DFB8ØA";2018-09-11
"341";2018;3;"T5-1";1323;1;0;15;0;"0007DFB6B3";2018-09-11
"342";2018;3;"T5-1";1324;1;0;14;0;"0007DFB6Ø2";2018-09-11
"343";2018;3;"T5-1";1325;1;1;16;0;"0007DFB5CE";2018-09-11
"344";2018;3;"T5-1";1326;1;0;14;0;"0007DFB582";2018-09-11
"345";2018;3;"T5-1";1327;1;1;32;0;"0007DFB7AB";2018-09-11
"346";2018;3;"T5-1";1328;1;0;16;1;"0007DFB828";2018-09-11
"347";2018;3;"T5-1";1329;1;0;16;0;"0007DFB6Ø3";2018-09-11
"348";2018;3;"T5-2";1304;0;1;30;0;"0007DFAABB";2018-09-11
"349";2018;3;"T5-2";1305;0;1;22;1;"0007DFB4D0";2018-09-11
"350";2018;3;"T5-2";1307;0;1;25;1;"0007DFB57B";2018-09-11
"351";2018;3;"T5-2";1308;0;1;22;1;"0007DFB7A2";2018-09-11
"352";2018;3;"T5-2";1310;0;1;33;1;"0007DFFF23";2018-09-11
"353";2018;3;"T5-2";1235;1;0;31;0;"0007DFAAEB";2018-09-11
"354";2018;3;"T5-2";1236;1;1;31;1;"0007DF05B9";2018-09-11
"355";2018;3;"T5-2";1237;1;0;16;1;"0007DFB59C";2018-09-11
"356";2018;3;"T5-2";1238;1;1;24;0;"0007DFB476";2018-09-11
"357";2018;3;"T5-2";1239;1;1;24;1;"0007DFB52A";2018-09-11
"358";2019;4;"G1";648;0;1;12;0;"UNMKA";2019-06-17
"359";2019;4;"G1";649;0;1;12;0;"UNMKB";2019-06-17
"360";2019;4;"G1";650;0;1;12;0;"UNMKC";2019-06-17
"361";2019;4;"G1";651;0;1;12;1;"UNMKD";2019-06-17
"362";2019;4;"G1";652;0;1;12;1;"UNMKE";2019-06-17
"363";2019;4;"G1";653;0;1;40;0;"B4AB";2019-06-17
"364";2019;4;"G1";654;0;1;11;0;"UNML";2019-06-17
"365";2019;4;"G1";655;0;1;45;1;"B614";2019-06-17
"366";2019;4;"G1";656;0;1;40;0;"B566";2019-06-17
"367";2019;4;"G1";657;0;1;38;1;"BACA";2019-06-17
"368";2019;4;"G1";830;0;1;40;0;"B48D";2019-06-17
"369";2019;4;"G1";831;0;1;43;1;"B7BA";2019-06-17
"370";2019;4;"G1";832;0;1;32;1;"BAA1";2019-06-17
"371";2019;4;"G1";587;1;0;45;0;"FB4AB";2019-06-17
"372";2019;4;"G1";588;1;0;48;1;"FBBDE";2019-06-17
"373";2019;4;"G1";589;1;0;47;1;"FB614";2019-06-17
"374";2019;4;"G1";590;1;0;62;0;"FB566";2019-06-17
"375";2019;4;"G1";791;1;0;33;0;"B71F";2019-06-17
"376";2019;4;"G1";792;1;1;45;0,5;"B597";2019-06-17
"377";2019;4;"G11";633;0;1;43;0;"B532";2019-06-17
"378";2019;4;"G11";634;0;1;40;0;"B908";2019-06-17
"379";2019;4;"G11";635;0;1;42;1;"BA7E";2019-06-17
"380";2019;4;"G11";636;0;1;52;1;"BAC3";2019-06-17
"381";2019;4;"G11";823;0;1;40;1;"B79D";2019-06-17
"382";2019;4;"G11";801;1;0;45;0;"B77F";2019-06-17
"383";2019;4;"G11";802;1;1;44;1;"B62D";2019-06-17
"384";2019;4;"G11";803;1;0;45;0;"B5C7";2019-06-17
"385";2019;4;"G12";600;1;0;43;0;"FB532";2019-06-17
"386";2019;4;"G12";601;1;0;38;0;"FBB61";2019-06-17
"387";2019;4;"G12";603;1;0;41;0;"FB908";2019-06-17
"388";2019;4;"G12";604;1;0;40;1;"FBA7E";2019-06-17
"389";2019;4;"G15";631;0;1;47;0;"B7FE";2019-06-17
"390";2019;4;"G15";632;0;1;47;0;"B4B8";2019-06-17
"391";2019;4;"G15";819;0;1;52;0;"B58F";2019-06-17
"392";2019;4;"G15";820;0;1;41;0;"B7B2";2019-06-17
"393";2019;4;"G15";821;0;1;56;1;"BAD5";2019-06-17
"394";2019;4;"G15";605;1;1;46;1;"B7FD";2019-06-17
"395";2019;4;"G15";606;1;1;37;1;"B6AB";2019-06-17
"396";2019;4;"G15";607;1;0;43;1;"BB64";2019-06-17
"397";2019;4;"G15";608;1;1;47,5;0;"BAEB";2019-06-17
"398";2019;4;"G15";804;1;1;34,5;0;"B741";2019-06-17
"399";2019;4;"G15";805;1;1;43;1;"B742";2019-06-17
"400";2019;4;"G15";806;1;0;48;1;"B649";2019-06-17
"401";2019;4;"G16";624;0;1;10;0;"UNMA";2019-06-17
"402";2019;4;"G16";625;0;1;10;0;"UNMB";2019-06-17
"403";2019;4;"G16";626;0;1;10;0;"UNMC";2019-06-17
"404";2019;4;"G16";627;0;1;10;0;"UNMD";2019-06-17
"405";2019;4;"G16";628;0;1;46;0;"B9DD";2019-06-17
"406";2019;4;"G16";629;0;1;42;1;"BA8C";2019-06-17
"407";2019;4;"G16";630;0;1;51;1;"B952";2019-06-17
"408";2019;4;"G16";818;0;1;48;0;"B7A0";2019-06-17
"409";2019;4;"G16";609;1;0;48;0;"D60726";2019-06-17
"410";2019;4;"G16";610;1;0;43;0;"FB9DD";2019-06-17
"411";2019;4;"G16";611;1;0;46;0;"D60DE0";2019-06-17
"412";2019;4;"G16";612;1;0;48;0;"7DFB7A0";2019-06-17
"413";2019;4;"G16";807;1;1;45,5;1;"DEA3";2019-06-17
"414";2019;4;"G16";808;1;1;42,5;1;"B448";2019-06-17
"415";2019;4;"G16";809;1;1;41,5;1;"B5C3";2019-06-17
"416";2019;4;"G16";810;1;0;53;1;"B388";2019-06-17
"417";2019;4;"G19";622;0;1;42;1;"B758";2019-06-17
"418";2019;4;"G19";623;0;1;34;0;"B669";2019-06-17
"419";2019;4;"G19";817;0;1;37;1;"B70A";2019-06-17
"420";2019;4;"G19";613;1;0;37;1;"BA22";2019-06-17
"421";2019;4;"G19";811;1;0;45;0;"B5FE";2019-06-17
"422";2019;4;"G2";646;0;1;37;0;"B83E";2019-06-17
"423";2019;4;"G2";647;0;1;40;0;"BB72";2019-06-17
"424";2019;4;"G2";829;0;1;45;0;"B8A0";2019-06-17
"425";2019;4;"G2";591;1;0;48;0;"FB8A0";2019-06-17
"426";2019;4;"G2";592;1;0;41;0;"FBB72";2019-06-17
"427";2019;4;"G2";593;1;0;46;1;"FB6FD";2019-06-17
"428";2019;4;"G2";793;1;1;44,5;0;"B5C9";2019-06-17
"429";2019;4;"G2";794;1;1;40,5;0;"B79E";2019-06-17
"430";2019;4;"G20";619;0;1;48;1;"B8EA";2019-06-17
"431";2019;4;"G20";620;0;1;37;0;"BA20";2019-06-17
"432";2019;4;"G20";621;0;1;39;0;"B98C";2019-06-17
"433";2019;4;"G20";815;0;1;43;0;"B68C";2019-06-17
"434";2019;4;"G20";816;0;1;43;1;"B6F0";2019-06-17
"435";2019;4;"G20";615;1;0;35;0;"B434";2019-06-17
"436";2019;4;"G20";616;1;0;43;1;"B97A";2019-06-17
"437";2019;4;"G20";617;1;0;40;0;"B9D1";2019-06-17
"438";2019;4;"G20";618;1;0;40;1;"FB971";2019-06-17
"439";2019;4;"G20";812;1;1;41;0;"B776";2019-06-17
"440";2019;4;"G20";813;1;0;35;0;"UNMSA";2019-06-17
"441";2019;4;"G20";814;1;0;45;1;"UNMSB";2019-06-17
"442";2019;4;"G5";645;1;1;44,5;1;"B6F5";2019-06-17
"443";2019;4;"G6";796;1;0;40;1;"B825";2019-06-17
"444";2019;4;"G8";637;0;1;38;0;"B7C8";2019-06-17
"445";2019;4;"G8";641;0;1;43;0;"BA6D";2019-06-17
"446";2019;4;"G8";825;0;1;42;0;"B4B7";2019-06-17
"447";2019;4;"G8";598;1;0;43;0;"FB879";2019-06-17
"448";2019;4;"G8";638;1;1;47,5;1;"B8C8";2019-06-17
"449";2019;4;"G8";799;1;1;40;0;"B486";2019-06-17
"450";2019;4;"T1-2";1446;0;1;37;0;"B866";2019-06-17
"451";2019;4;"T1-2";1447;0;1;47;1;"B8B7";2019-06-17
"452";2019;4;"T1-2";1448;0;1;41;1;"BAD6";2019-06-17
"453";2019;4;"T1-2";1449;0;1;45;0;"B9BD";2019-06-17
"454";2019;4;"T1-2";1450;0;1;40;0;"BB47";2019-06-17
"455";2019;4;"T1-2";1595;0;1;48;1;"B818";2019-06-17
"456";2019;4;"T1-2";1596;0;1;15;0;"B5EC";2019-06-17
"457";2019;4;"T1-2";1597;0;1;15;0;"B4FD";2019-06-17
"458";2019;4;"T1-2";1598;0;1;15;1;"B75C";2019-06-17
"459";2019;4;"T1-2";1599;0;1;45;0;"FFC4";2019-06-17
"460";2019;4;"T1-2";1436;1;0;50;1;"FB8B7";2019-06-17
"461";2019;4;"T1-2";1437;1;0;46;1;"FB731";2019-06-17
"462";2019;4;"T1-2";1438;1;0;43;0;"5FFC4";2019-06-17
"463";2019;4;"T1-2";1590;1;0;42;1;"B523";2019-06-17
"464";2019;4;"T1-2";1591;1;0;48;1;"B76D";2019-06-17
"465";2019;4;"T1-2";1592;1;0;36;0;"B65C";2019-06-17
"466";2019;4;"T1-3";1453;0;1;41;1;"B9EE";2019-06-17
"467";2019;4;"T1-3";1454;0;1;10;1;"UNME";2019-06-17
"468";2019;4;"T1-3";1455;0;1;9;0;"UNMF";2019-06-17
"469";2019;4;"T1-3";1456;0;1;40;1;"BA30";2019-06-17
"470";2019;4;"T1-3";1457;0;1;47;0;"B887";2019-06-17
"471";2019;4;"T1-3";1460;0;1;14;1;"B8A1";2019-06-17
"472";2019;4;"T1-3";1601;0;1;38;0;"B6DE";2019-06-17
"473";2019;4;"T1-3";1602;0;1;39;1;"B43A";2019-06-17
"474";2019;4;"T1-3";1603;0;1;37;1;"B6B5";2019-06-17
"475";2019;4;"T1-3";1439;1;0;42;1;"FB9EE";2019-06-17
"476";2019;4;"T1-3";1442;1;0;10;1;"BBA9";2019-06-17
"477";2019;4;"T1-3";1593;1;0;42;1;"B789";2019-06-17
"478";2019;4;"T1-3";1594;1;0;43;1;"B717";2019-06-17
"479";2019;4;"T2-1";1462;0;1;43;0;"B895";2019-06-17
"480";2019;4;"T2-1";1463;0;1;42;1;"B907";2019-06-17
"481";2019;4;"T2-1";1464;0;1;47;0;"BAB3";2019-06-17
"482";2019;4;"T2-1";1465;0;1;42;0;"B7CB";2019-06-17
"483";2019;4;"T2-1";1466;0;1;43;1;"B653";2019-06-17
"484";2019;4;"T2-1";1467;0;1;30;1;"UNMH";2019-06-17
"485";2019;4;"T2-1";1468;0;1;47;1;"B8A7";2019-06-17
"486";2019;4;"T2-1";1605;0;1;44;0;"B44D";2019-06-17
"487";2019;4;"T2-1";1606;0;1;46;0;"B6F2";2019-06-17
"488";2019;4;"T2-1";1607;0;1;41;1;"B63F";2019-06-17
"489";2019;4;"T2-1";1608;0;1;40;1;"B648";2019-06-17
"490";2019;4;"T2-1";1609;0;1;42;0;"B922";2019-06-17
"491";2019;4;"T2-1";1423;1;0;42;0;"FB859";2019-06-17
"492";2019;4;"T2-1";1424;1;0;46;1;"FB653";2019-06-17
"493";2019;4;"T2-1";1425;1;0;40;1;"FBA48";2019-06-17
"494";2019;4;"T2-1";1426;1;0;43;0;"FB7CB";2019-06-17
"495";2019;4;"T2-1";1427;1;0;41;0;"FB9E5";2019-06-17
"496";2019;4;"T2-1";1428;1;0;41;0;"FB922";2019-06-17
"497";2019;4;"T2-1";1576;1;0;42;1;"B619";2019-06-17
"498";2019;4;"T2-1";1577;1;0;38;1;"B740";2019-06-17
"499";2019;4;"T2-1";1578;1;0;36;1;"B62F";2019-06-17
"500";2019;4;"T2-1";1579;1;0;53;0;"B641";2019-06-17
"501";2019;4;"T2-1";1580;1;1;47;1;"B6B6";2019-06-17
"502";2019;4;"T2-1";1581;1;0;36;0;"B789";2019-06-17
"503";2019;4;"T2-2";1469;0;1;40;1;"B98E";2019-06-17
"504";2019;4;"T2-2";1470;0;1;31;1;"B5D9";2019-06-17
"505";2019;4;"T2-2";1471;0;1;38;1;"BBDD";2019-06-17
"506";2019;4;"T2-2";1472;0;1;40;0;"BB6C";2019-06-17
"507";2019;4;"T2-2";1473;0;1;38;0;"B7C3";2019-06-17
"508";2019;4;"T2-2";1474;0;1;43;1;"B93C";2019-06-17
"509";2019;4;"T2-2";1475;0;1;34;1;"B83D";2019-06-17
"510";2019;4;"T2-2";1477;0;1;43;1;"B924";2019-06-17
"511";2019;4;"T2-2";1610;0;1;40;0;"B637";2019-06-17
"512";2019;4;"T2-2";1611;0;1;41;1;"B7DA";2019-06-17
"513";2019;4;"T2-2";1612;0;1;44;0;"B4C4";2019-06-17
"514";2019;4;"T2-2";1429;1;0;43;0;"FBA32";2019-06-17
"515";2019;4;"T2-2";1430;1;0;47;0;"FBA18";2019-06-17
"516";2019;4;"T2-2";1431;1;0;40;1;"FBBDD";2019-06-17
"517";2019;4;"T2-2";1432;1;0;36;0;"FB7C3";2019-06-17
"518";2019;4;"T2-2";1433;1;0;43;1;"FB93C";2019-06-17
"519";2019;4;"T2-2";1434;1;0;38;0;"FBB95";2019-06-17
"520";2019;4;"T2-2";1435;1;0;32;0;"D6043";2019-06-17
"521";2019;4;"T2-2";1476;1;1;45;0;"B795";2019-06-17
"522";2019;4;"T2-2";1582;1;0;40;1;"B704";2019-06-17
"523";2019;4;"T2-2";1583;1;1;45,5;0;"B5C8";2019-06-17
"524";2019;4;"T2-2";1584;1;1;46;1;"B51B";2019-06-17
"525";2019;4;"T2-2";1585;1;0;49;0;"D7C6";2019-06-17
"526";2019;4;"T2-2";1586;1;0;35;1;"B4EC";2019-06-17
"527";2019;4;"T2-2";1587;1;1;46,5;1;"B567";2019-06-17
"528";2019;4;"T2-2";1588;1;0;42;0;"B609";2019-06-17
"529";2019;4;"T3-1";1480;0;1;60;0;"BA2E";2019-06-17
"530";2019;4;"T3-1";1481;0;1;16;0;"BC1A";2019-06-17
"531";2019;4;"T3-1";1482;0;1;15;1;"BADD";2019-06-17
"532";2019;4;"T3-1";1483;0;1;16;1;"B9DA";2019-06-17
"533";2019;4;"T3-1";1484;0;1;15;0;"BB4A";2019-06-17
"534";2019;4;"T3-1";1485;0;1;15;1;"B848";2019-06-17
"535";2019;4;"T3-1";1486;0;1;18;1;"BA49";2019-06-17
"536";2019;4;"T3-1";1417;1;0;15;1;"FB9DA";2019-06-17
"537";2019;4;"T3-1";1418;1;0;16;1;"FB848";2019-06-17
"538";2019;4;"T3-1";1419;1;0;15;1;"FBADD";2019-06-17
"539";2019;4;"T3-1";1420;1;0;16;0;"FBC1A";2019-06-17
"540";2019;4;"T3-1";1421;1;0;16;1;"FBA49";2019-06-17
"541";2019;4;"T3-1";1422;1;0;16;0;"FBB4A";2019-06-17
"542";2019;4;"T3-2";1613;0;1;45;1;"B4B5";2019-06-17
"543";2019;4;"T3-2";1570;1;0;44;1;"B670";2019-06-17
"544";2019;4;"T3-2";1571;1;1;39;0;"B620";2019-06-17
"545";2019;4;"T3-2";1572;1;1;46;1;"B623";2019-06-17
"546";2019;4;"T3-2";1573;1;1;54;0;"B49E";2019-06-17
"547";2019;4;"T3-2";1574;1;1;37;0;"B590";2019-06-17
"548";2019;4;"T3-2";1575;1;1;49;0;"B743";2019-06-17
"549";2019;4;"T5-2";1615;0;1;36;1;"B7D8";2019-06-17
"550";2019;4;"T5-2";1568;1;1;42;1;"B7DB";2019-06-17
"551";2019;4;"T5-2";1569;1;1;28,5;1;"B59E";2019-06-17
"552";2019;6;"G1";786;0;1;41;1;"FB833";2019-09-10
"553";2019;6;"G1";787;0;1;26;0;"64C46";2019-09-10
"554";2019;6;"G1";788;0;1;40;0;"FB888";2019-09-10
"555";2019;6;"G1";789;0;1;27;1;"FB829";2019-09-10
"556";2019;6;"G1";790;0;1;30;1;"FABA0";2019-09-10
"557";2019;6;"G1";943;0;1;27;1;"B9E8";2019-09-10
"558";2019;6;"G1";944;0;1;30;1;"FBF0";2019-09-10
"559";2019;6;"G1";945;0;1;22;1;"E9FB";2019-09-10
"560";2019;6;"G1";946;0;1;22;1;"B4E6";2019-09-10
"561";2019;6;"G1";947;0;1;25;0;"NA412";2019-09-10
"562";2019;6;"G1";948;0;1;29;1;"FEEB";2019-09-10
"563";2019;6;"G1";949;0;1;24;1;"A87D";2019-09-10
"564";2019;6;"G1";658;1;0;32;0;"FB9E8";2019-09-10
"565";2019;6;"G1";659;1;1;30,5;1;"FA9E4";2019-09-10
"566";2019;6;"G1";660;1;1;25,5;0;"67705";2019-09-10
"567";2019;6;"G1";661;1;1;28,5;0;"FA8E0";2019-09-10
"568";2019;6;"G1";662;1;1;27;1;"62BCD";2019-09-10
"569";2019;6;"G1";663;1;0;26;0;"64C4B";2019-09-10
"570";2019;6;"G1";664;1;0;43;1;"FB7BA";2019-09-10
"571";2019;6;"G1";665;1;1;30,5;0;"FBB52";2019-09-10
"572";2019;6;"G1";666;1;0;32;1;"FA91B";2019-09-10
"573";2019;6;"G1";833;1;0;24;1;"EB21";2019-09-10
"574";2019;6;"G1";834;1;1;26,5;1;"E2E9";2019-09-10
"575";2019;6;"G1";835;1;0;32;1;"41NA";2019-09-10
"576";2019;6;"G1";836;1;0;25;0;"EDAE";2019-09-10
"577";2019;6;"G1";837;1;0;29;1;"F4EE";2019-09-10
"578";2019;6;"G1";838;1;1;28;1;"FAB3";2019-09-10
"579";2019;6;"G11";761;0;1;23;0;"FBC17";2019-09-10
"580";2019;6;"G11";762;0;1;23;0;"FABDD";2019-09-10
"581";2019;6;"G11";763;0;1;20;0;"FB893";2019-09-10
"582";2019;6;"G11";913;0;1;25;1;"28";2019-09-10
"583";2019;6;"G11";914;0;1;21;1;"F869";2019-09-10
"584";2019;6;"G11";915;0;1;22;0;"F147";2019-09-10
"585";2019;6;"G11";916;0;1;38;1;"B99D";2019-09-10
"586";2019;6;"G11";695;1;0;22;1;"5F584";2019-09-10
"587";2019;6;"G11";696;1;0;25;1;"FAA74";2019-09-10
"588";2019;6;"G11";697;1;0;25;1;"FAB0F";2019-09-10
"589";2019;6;"G11";698;1;1;37;0;"FABF7";2019-09-10
"590";2019;6;"G11";699;1;0;20;0;"5EA70";2019-09-10
"591";2019;6;"G11";700;1;1;19;1;"FABE6";2019-09-10
"592";2019;6;"G11";701;1;1;19,5;1;"FB569";2019-09-10
"593";2019;6;"G11";702;1;0;37;1;"B79D";2019-09-10
"594";2019;6;"G11";861;1;1;30,5;1;"B46F";2019-09-10
"595";2019;6;"G11";862;1;1;22,5;0;"A971";2019-09-10
"596";2019;6;"G11";863;1;1;19,5;0;"B599";2019-09-10
"597";2019;6;"G11";864;1;0;21;0;"B6CF";2019-09-10
"598";2019;6;"G11";865;1;0;21;1;"E9E2";2019-09-10
"599";2019;6;"G15";757;0;1;27;1;"FAB46";2019-09-10
"600";2019;6;"G15";758;0;1;NA;NA;"600B9";2019-09-10
"601";2019;6;"G15";759;0;1;26;0;"5E9E6";2019-09-10
"602";2019;6;"G15";760;0;1;25;0;"FAB54";2019-09-10
"603";2019;6;"G15";910;0;1;25;0;"B4CB";2019-09-10
"604";2019;6;"G15";911;0;1;28;1;"B43B";2019-09-10
"605";2019;6;"G15";912;0;1;26;1;"B441";2019-09-10
"606";2019;6;"G15";703;1;1;28;1;"FAA5A";2019-09-10
"607";2019;6;"G15";704;1;1;24;0;"6492B";2019-09-10
"608";2019;6;"G15";705;1;1;22,5;0;"FA9DF";2019-09-10
"609";2019;6;"G15";706;1;0;22;0;"FA9C5";2019-09-10
"610";2019;6;"G15";707;1;1;26;0,5;"5FB3E";2019-09-10
"611";2019;6;"G15";708;1;0;27;0;"FB925";2019-09-10
"612";2019;6;"G15";709;1;0;31;1;"FB85D";2019-09-10
"613";2019;6;"G15";710;1;1;30,5;1;"FAC31";2019-09-10
"614";2019;6;"G15";711;1;1;27,5;0;"63DE7";2019-09-10
"615";2019;6;"G15";712;1;1;26,5;0;"64737";2019-09-10
"616";2019;6;"G15";713;1;1;42,5;0;"FAC23";2019-09-10
"617";2019;6;"G15";714;1;1;26;1;"5FEA2";2019-09-10
"618";2019;6;"G15";715;1;1;27,5;1;"6436B";2019-09-10
"619";2019;6;"G15";716;1;0;38;0;"5EFA3";2019-09-10
"620";2019;6;"G15";866;1;1;25,5;1;"E62D";2019-09-10
"621";2019;6;"G15";867;1;1;35;0,5;"AA1B";2019-09-10
"622";2019;6;"G15";868;1;1;27,5;1;"4595";2019-09-10
"623";2019;6;"G15";869;1;0;29;1;"AB46";2019-09-10
"624";2019;6;"G15";870;1;0;31;1;"79FA";2019-09-10
"625";2019;6;"G15";871;1;1;26;1;"ABF1";2019-09-10
"626";2019;6;"G15";872;1;0;20;0;"A97D";2019-09-10
"627";2019;6;"G15";873;1;0;36;0;"B741";2019-09-10
"628";2019;6;"G15";874;1;0;27;0;"E9E6";2019-09-10
"629";2019;6;"G15";875;1;1;24,5;0,5;"FB9D";2019-09-10
"630";2019;6;"G15";876;1;0;23;0;"F0AA";2019-09-10
"631";2019;6;"G16";755;0;1;26;1;"64B97";2019-09-10
"632";2019;6;"G16";756;0;1;23;0;"63640";2019-09-10
"633";2019;6;"G16";905;0;1;26;1;"EAA8";2019-09-10
"634";2019;6;"G16";906;0;1;28;0;"A9D7";2019-09-10
"635";2019;6;"G16";907;0;1;27;0;"A949";2019-09-10
"636";2019;6;"G16";908;0;1;35;0;"FF84";2019-09-10
"637";2019;6;"G16";909;0;1;28;1;"F9C3";2019-09-10
"638";2019;6;"G16";717;1;0;35;0;"5FFB4";2019-09-10
"639";2019;6;"G16";718;1;0;23;0;"FA949";2019-09-10
"640";2019;6;"G16";719;1;0;25;1;"FA9D7";2019-09-10
"641";2019;6;"G16";720;1;0;25;1;"5EAA8";2019-09-10
"642";2019;6;"G16";721;1;1;26;1;"FBB80";2019-09-10
"643";2019;6;"G16";722;1;1;22,5;0;"FAAF4";2019-09-10
"644";2019;6;"G16";723;1;1;26;0;"FAB2D";2019-09-10
"645";2019;6;"G16";724;1;0;27;1;"FA95D";2019-09-10
"646";2019;6;"G16";725;1;1;26,5;1;"FBBD0";2019-09-10
"647";2019;6;"G16";726;1;1;42,5;1;"FBB88";2019-09-10
"648";2019;6;"G16";727;1;0;25;0;"FAB2A";2019-09-10
"649";2019;6;"G16";728;1;1;27,5;0;"5FA7E";2019-09-10
"650";2019;6;"G16";729;1;1;32,5;1;"5F047";2019-09-10
"651";2019;6;"G16";730;1;0;26;0;"5F0BD";2019-09-10
"652";2019;6;"G16";877;1;0;27;1;"4B97";2019-09-10
"653";2019;6;"G16";878;1;1;23;0;"EB71";2019-09-10
"654";2019;6;"G16";879;1;1;26,5;0;"FAC7";2019-09-10
"655";2019;6;"G16";880;1;1;28;0;"FD77";2019-09-10
"656";2019;6;"G16";881;1;0;39;1;"EE65";2019-09-10
"657";2019;6;"G16";882;1;1;28,5;1;"39D8";2019-09-10
"658";2019;6;"G16";883;1;1;25,5;0;"40D4";2019-09-10
"659";2019;6;"G16";884;1;1;28;1;"F673";2019-09-10
"660";2019;6;"G16";885;1;0;27;0;"B5F2";2019-09-10
"661";2019;6;"G16";886;1;0;27;1;"F963";2019-09-10
"662";2019;6;"G19";754;0;1;19;1;"FBBB3";2019-09-10
"663";2019;6;"G19";902;0;1;25;1;"B512";2019-09-10
"664";2019;6;"G19";903;0;1;22;1;"B693";2019-09-10
"665";2019;6;"G19";904;0;1;20;0;"FD9C";2019-09-10
"666";2019;6;"G19";733;1;1;38,5;1;"5F6BA";2019-09-10
"667";2019;6;"G19";734;1;0;18;1;"FA97B";2019-09-10
"668";2019;6;"G19";735;1;1;29;0;"FA8BE";2019-09-10
"669";2019;6;"G19";736;1;1;23;1;"FBBB9";2019-09-10
"670";2019;6;"G19";737;1;0;15;1;"UNMFC";2019-09-10
"671";2019;6;"G19";738;1;0;23;0;"B79C";2019-09-10
"672";2019;6;"G19";888;1;1;22,5;1;"B53A";2019-09-10
"673";2019;6;"G19";889;1;0;20;0;"B4CD";2019-09-10
"674";2019;6;"G19";890;1;1;22;1;"B650";2019-09-10
"675";2019;6;"G2";779;0;1;28;1;"FB9B9";2019-09-10
"676";2019;6;"G2";780;0;1;22;0;"FBB89";2019-09-10
"677";2019;6;"G2";781;0;1;41;0;"FBB25";2019-09-10
"678";2019;6;"G2";782;0;1;27;1;"5E485";2019-09-10
"679";2019;6;"G2";783;0;1;28;1;"FA9C4";2019-09-10
"680";2019;6;"G2";784;0;1;23;1;"5E5A2";2019-09-10
"681";2019;6;"G2";785;0;1;21;0;"FBB14";2019-09-10
"682";2019;6;"G2";936;0;1;18;0;"B457";2019-09-10
"683";2019;6;"G2";937;0;1;18;1;"F873";2019-09-10
"684";2019;6;"G2";938;0;1;18;1;"B6B1";2019-09-10
"685";2019;6;"G2";939;0;1;18;1;"B514";2019-09-10
"686";2019;6;"G2";940;0;1;26;1;"B611";2019-09-10
"687";2019;6;"G2";941;0;1;23;1;"B739";2019-09-10
"688";2019;6;"G2";942;0;1;25;1;"FB98";2019-09-10
"689";2019;6;"G2";667;1;1;28;0;"FAAD3";2019-09-10
"690";2019;6;"G2";668;1;1;30,5;1;"FB8F4";2019-09-10
"691";2019;6;"G2";669;1;1;27;0;"FA88A";2019-09-10
"692";2019;6;"G2";670;1;1;27,5;1;"FA98F";2019-09-10
"693";2019;6;"G2";671;1;0;38;0;"FAB70";2019-09-10
"694";2019;6;"G2";672;1;1;15;0;"FAA16";2019-09-10
"695";2019;6;"G2";673;1;1;14,5;1;"FAB4D";2019-09-10
"696";2019;6;"G2";674;1;0;13;0;"FA8F2";2019-09-10
"697";2019;6;"G2";675;1;1;25;1;"63A42";2019-09-10
"698";2019;6;"G2";839;1;0;36;0;"3DF1";2019-09-10
"699";2019;6;"G2";840;1;1;24;0;"FE2A";2019-09-10
"700";2019;6;"G2";841;1;1;30;1;"AC3D";2019-09-10
"701";2019;6;"G2";842;1;0;32;1;"E405";2019-09-10
"702";2019;6;"G2";843;1;0;26;1;"E5A2";2019-09-10
"703";2019;6;"G2";844;1;0;38;0;"AA1A";2019-09-10
"704";2019;6;"G20";748;0;1;30;1;"63F1D";2019-09-10
"705";2019;6;"G20";749;0;1;26;1;"FAAE9";2019-09-10
"706";2019;6;"G20";750;0;1;28;1;"5F5CC";2019-09-10
"707";2019;6;"G20";751;0;1;23;0;"FBA94";2019-09-10
"708";2019;6;"G20";899;0;1;40;1;"E8B2";2019-09-10
"709";2019;6;"G20";900;0;1;23;1;"E83E";2019-09-10
"710";2019;6;"G20";739;1;0;38;1;"5E8B2";2019-09-10
"711";2019;6;"G20";741;1;0;26;1;"FAACB";2019-09-10
"712";2019;6;"G20";742;1;1;40,5;0;"FBA20";2019-09-10
"713";2019;6;"G20";743;1;1;29;0;"5FD5F";2019-09-10
"714";2019;6;"G20";744;1;1;40,5;1;"FB8EA";2019-09-10
"715";2019;6;"G20";745;1;0;25;1;"FAACF";2019-09-10
"716";2019;6;"G20";746;1;0;23;0;"FAB8F";2019-09-10
"717";2019;6;"G20";891;1;1;24;1;"B7DF";2019-09-10
"718";2019;6;"G20";892;1;0;27;1;"3F1D";2019-09-10
"719";2019;6;"G20";893;1;1;24;0,5;"4B91";2019-09-10
"720";2019;6;"G20";894;1;0;20;0;"UNMFQ";2019-09-10
"721";2019;6;"G20";895;1;1;20;0,5;"B7BD";2019-09-10
"722";2019;6;"G20";896;1;1;20,5;0;"B68D";2019-09-10
"723";2019;6;"G20";897;1;1;20;0;"B53E";2019-09-10
"724";2019;6;"G20";898;1;0;25;1;"F5CC";2019-09-10
"725";2019;6;"G4";677;1;1;26;1;"FAA7B";2019-09-10
"726";2019;6;"G4";678;1;1;35,5;0;"FABD7";2019-09-10
"727";2019;6;"G6";769;0;1;30;1;"FBB0D";2019-09-10
"728";2019;6;"G6";921;0;1;24;0;"7BB3";2019-09-10
"729";2019;6;"G6";687;1;0;33;0;"FA9CD";2019-09-10
"730";2019;6;"G6";688;1;1;15,5;0,5;"FABD3";2019-09-10
"731";2019;6;"G6";689;1;1;16;1;"FBA39";2019-09-10
"732";2019;6;"G8";764;0;1;18;1;"5F653";2019-09-10
"733";2019;6;"G8";766;0;1;37;0;"FB90E";2019-09-10
"734";2019;6;"G8";768;0;1;22;0;"FB624";2019-09-10
"735";2019;6;"G8";919;0;1;20;0;"F64D";2019-09-10
"736";2019;6;"G8";920;0;1;24;0;"4B93";2019-09-10
"737";2019;6;"G8";691;1;1;20;0;"FBA3F";2019-09-10
"738";2019;6;"G8";692;1;0;23;1;"FABBE";2019-09-10
"739";2019;6;"G8";694;1;0;21;0;"FB86E";2019-09-10
"740";2019;6;"G8";856;1;0;22;0;"FB33";2019-09-10
"741";2019;6;"G8";857;1;0;18;1;"F653";2019-09-10
"742";2019;6;"G8";858;1;0;NA;1;"UNMFY";2019-09-10
"743";2019;6;"G8";859;1;1;25;1;"E842";2019-09-10
"744";2019;6;"T1-2";1533;0;1;33;0;"FAAAA";2019-09-10
"745";2019;6;"T1-2";1534;0;1;16;0;"FBB5A";2019-09-10
"746";2019;6;"T1-2";1535;0;1;27;1;"FA98C";2019-09-10
"747";2019;6;"T1-2";1536;0;1;36;1;"642AF";2019-09-10
"748";2019;6;"T1-2";1537;0;1;27;1;"5F924";2019-09-10
"749";2019;6;"T1-2";1538;0;1;15;1;"FB9BA";2019-09-10
"750";2019;6;"T1-2";1539;0;1;15;0;"FB8C4";2019-09-10
"751";2019;6;"T1-2";1653;0;1;25;1;"B481";2019-09-10
"752";2019;6;"T1-2";1654;0;1;26;1;"B729";2019-09-10
"753";2019;6;"T1-2";1523;1;1;24;1;"FAC4B";2019-09-10
"754";2019;6;"T1-2";1524;1;1;25,5;1;"FA957";2019-09-10
"755";2019;6;"T1-2";1525;1;1;26,5;0;"FABFC";2019-09-10
"756";2019;6;"T1-2";1526;1;1;14,5;1;"FA982";2019-09-10
"757";2019;6;"T1-2";1644;1;1;27;0;"""780""";2019-09-10
"758";2019;6;"T1-2";1645;1;1;35,5;0;"B482";2019-09-10
"759";2019;6;"T1-2";1646;1;0;35;1;"42AF";2019-09-10
"760";2019;6;"T1-3";1541;0;1;22;0;"FAAB4";2019-09-10
"761";2019;6;"T1-3";1542;0;1;27;1;"FAC20";2019-09-10
"762";2019;6;"T1-3";1543;0;1;19;1;"FB8AF";2019-09-10
"763";2019;6;"T1-3";1657;0;1;30;1;"862B";2019-09-10
"764";2019;6;"T1-3";1658;0;1;20;1;"B49A";2019-09-10
"765";2019;6;"T1-3";1659;0;1;23;0;"B544";2019-09-10
"766";2019;6;"T1-3";1660;0;1;22;0;"B49F";2019-09-10
"767";2019;6;"T1-3";1661;0;1;27;1;"B4DD";2019-09-10
"768";2019;6;"T1-3";1527;1;0;18;1;"FA99D";2019-09-10
"769";2019;6;"T1-3";1528;1;0;30;0;"FA90E";2019-09-10
"770";2019;6;"T1-3";1530;1;0;17;1;"FA9EB";2019-09-10
"771";2019;6;"T1-3";1532;1;0;21;0;"FA9FE";2019-09-10
"772";2019;6;"T1-3";1648;1;0;38;0;"B6DE";2019-09-10
"773";2019;6;"T1-3";1649;1;0;23;1;"F516";2019-09-10
"774";2019;6;"T1-3";1650;1;1;31,5;0;"E70F";2019-09-10
"775";2019;6;"T1-3";1651;1;0;22;1;"F96E";2019-09-10
"776";2019;6;"T1-3";1652;1;0;25;1;"UNMFS";2019-09-10
"777";2019;6;"T2-1";1546;0;1;27;1;"FB867";2019-09-10
"778";2019;6;"T2-1";1547;0;1;40;1;"FB8A7";2019-09-10
"779";2019;6;"T2-1";1548;0;1;21;0;"FA9C9";2019-09-10
"780";2019;6;"T2-1";1662;0;1;38;0;"E9D9";2019-09-10
"781";2019;6;"T2-1";1663;0;1;30;0;"EE06";2019-09-10
"782";2019;6;"T2-1";1664;0;1;25;1;"FD38";2019-09-10
"783";2019;6;"T2-1";1665;0;1;38;1;"B63F";2019-09-10
"784";2019;6;"T2-1";1505;1;1;40;0;"FB895";2019-09-10
"785";2019;6;"T2-1";1506;1;1;39,5;0;"FB7CB";2019-09-10
"786";2019;6;"T2-1";1507;1;1;27,5;1;"FAA20";2019-09-10
"787";2019;6;"T2-1";1508;1;1;25,5;1;"5F944";2019-09-10
"788";2019;6;"T2-1";1509;1;0;38;1;"FB907";2019-09-10
"789";2019;6;"T2-1";1510;1;1;19,5;0;"FBB04";2019-09-10
"790";2019;6;"T2-1";1511;1;0;21;1;"FA9F6";2019-09-10
"791";2019;6;"T2-1";1512;1;1;22,5;0;"FA8F6";2019-09-10
"792";2019;6;"T2-1";1513;1;0;21;0;"FA94B";2019-09-10
"793";2019;6;"T2-1";1514;1;0;26;0;"47A47";2019-09-10
"794";2019;6;"T2-1";1630;1;0;24;0;"B785";2019-09-10
"795";2019;6;"T2-1";1631;1;1;27;0;"B65B";2019-09-10
"796";2019;6;"T2-1";1632;1;0;25;1;"FA4A";2019-09-10
"797";2019;6;"T2-1";1633;1;1;25;1;"F5CF";2019-09-10
"798";2019;6;"T2-1";1634;1;1;22;1;"B504";2019-09-10
"799";2019;6;"T2-1";1635;1;1;32,5;0;"FE47";2019-09-10
"800";2019;6;"T2-1";1636;1;1;38,5;1;"B619";2019-09-10
"801";2019;6;"T2-1";1637;1;1;23,5;0;"FECA";2019-09-10
"802";2019;6;"T2-1";1638;1;0;25;0;"AAC5";2019-09-10
"803";2019;6;"T2-1";1639;1;0;22;1;"F05B";2019-09-10
"804";2019;6;"T2-2";1549;0;1;27;0;"FAADA";2019-09-10
"805";2019;6;"T2-2";1550;0;1;43;1;"FAC19";2019-09-10
"806";2019;6;"T2-2";1551;0;1;21;1;"FBB8C";2019-09-10
"807";2019;6;"T2-2";1552;0;1;26;1;"F980";2019-09-10
"808";2019;6;"T2-2";1666;0;1;20;1;"F5CA";2019-09-10
"809";2019;6;"T2-2";1667;0;1;27;0;"F5A9";2019-09-10
"810";2019;6;"T2-2";1668;0;1;25;1;"EFA1";2019-09-10
"811";2019;6;"T2-2";1669;0;1;20;0;"F208";2019-09-10
"812";2019;6;"T2-2";1515;1;0;41;1;"FAADB";2019-09-10
"813";2019;6;"T2-2";1516;1;0;25;1;"5F5CA";2019-09-10
"814";2019;6;"T2-2";1517;1;1;24;1;"FAA80";2019-09-10
"815";2019;6;"T2-2";1518;1;1;37,5;0;"FBA32";2019-09-10
"816";2019;6;"T2-2";1519;1;1;41;1;"5F5D0";2019-09-10
"817";2019;6;"T2-2";1520;1;0;25;0;"FAB05";2019-09-10
"818";2019;6;"T2-2";1521;1;0;42;0;"FAAED";2019-09-10
"819";2019;6;"T2-2";1640;1;1;41,5;1;"B704";2019-09-10
"820";2019;6;"T2-2";1641;1;1;37;0;"B637";2019-09-10
"821";2019;6;"T2-2";1642;1;1;37,5;1;"AB94";2019-09-10
"822";2019;6;"T2-2";1643;1;0;25;1;"FC47";2019-09-10
"823";2019;6;"T3-1";1555;0;1;27;1;"UNMFE";2019-09-10
"824";2019;6;"T3-1";1557;0;1;18;1;"FB907";2019-09-10
"825";2019;6;"T3-1";1499;1;1;20;0,5;"FA924";2019-09-10
"826";2019;6;"T3-1";1500;1;1;29;0;"FA90A";2019-09-10
"827";2019;6;"T3-2";1559;0;1;25;1;"FBA05";2019-09-10
"828";2019;6;"T3-2";1560;0;1;27;1;"FBA4F";2019-09-10
"829";2019;6;"T3-2";1670;0;1;22;1;"FC57";2019-09-10
"830";2019;6;"T3-2";1671;0;1;20;1;"F0D0";2019-09-10
"831";2019;6;"T3-2";1672;0;1;24;0;"F75B";2019-09-10
"832";2019;6;"T3-2";1673;0;1;21;1;"F2B4";2019-09-10
"833";2019;6;"T3-2";1674;0;1;22;0;"F83E";2019-09-10
"834";2019;6;"T3-2";1675;0;1;28;1;"AAEA";2019-09-10
"835";2019;6;"T3-2";1676;0;1;25;0;"3FA3";2019-09-10
"836";2019;6;"T3-2";1677;0;1;27;0;"EF3A";2019-09-10
"837";2019;6;"T3-2";1678;0;1;22;0;"FEFB";2019-09-10
"838";2019;6;"T3-2";1679;0;1;32;0;"F74C";2019-09-10
"839";2019;6;"T3-2";1504;1;0;27;0;"FBB73";2019-09-10
"840";2019;6;"T3-2";1622;1;0;45;1;"B4B5";2019-09-10
"841";2019;6;"T3-2";1623;1;1;25,5;0;"E7DE";2019-09-10
"842";2019;6;"T3-2";1624;1;0;27;1;"B7AC";2019-09-10
"843";2019;6;"T3-2";1625;1;1;25,5;0;"B560";2019-09-10
"844";2019;6;"T3-2";1626;1;1;43;1;"AA28";2019-09-10
"845";2019;6;"T3-2";1627;1;0;23;1;"UNMFW";2019-09-10
"846";2019;6;"T3-2";1628;1;1;24,5;0;"B7BB";2019-09-10
"847";2019;6;"T3-2";1629;1;1;24,5;1;"B74F";2019-09-10
"848";2019;6;"T5-2";1680;0;1;19;1;"F923";2019-09-10
"849";2019;6;"T5-2";1681;0;1;36;1;"A83A";2019-09-10
"850";2019;6;"T5-2";1682;0;1;31;0;"3247";2019-09-10
"851";2019;6;"T5-2";1683;0;1;20;0;"B5FB";2019-09-10
"852";2019;6;"T5-2";1616;1;1;39;1;"FA8C";2019-09-10
"853";2019;6;"T5-2";1617;1;0;35;1;"AB3A";2019-09-10
"854";2019;6;"T5-2";1618;1;1;24;1;"FA46";2019-09-10
"855";2019;6;"T5-2";1619;1;0;28;0;"FB06";2019-09-10
"856";2019;6;"T5-2";1620;1;0;21;0;"EFA0";2019-09-10
"857";2019;6;"T5-2";1621;1;1;24,5;1;"AA33";2019-09-10
"858";2020;7;"G1";968;0;1;41;1;"5FAB3";2020-06-18
"859";2020;7;"G1";983;0;1;34;0;"F1C3";2020-06-18
"860";2020;7;"G1";950;1;0;38;1;"FA9E4";2020-06-18
"861";2020;7;"G1";951;1;0;33;0;"FB82D";2020-06-18
"862";2020;7;"G1";967;1;1;40;0;"FBB2E";2020-06-18
"863";2020;7;"G1";969;1;1;33;0;"REC41";2020-06-18
"864";2020;7;"G1";970;1;0;36;1;"FAB3";2020-06-18
"865";2020;7;"G11";975;1;0;29;0;"F147";2020-06-18
"866";2020;7;"G15";980;0;1;37;1;"2581";2020-06-18
"867";2020;7;"G16";959;1;1;42,5;0;"FB97F";2020-06-18
"868";2020;7;"G19";962;0;1;33;1;"FB83B";2020-06-18
"869";2020;7;"G2";964;0;1;33;1;"5FC0E";2020-06-18
"870";2020;7;"G2";965;0;1;40;0;"FBB89";2020-06-18
"871";2020;7;"G2";966;0;1;35;0;"FB955";2020-06-18
"872";2020;7;"G2";982;0;1;34;0;"FE2A";2020-06-18
"873";2020;7;"G2";952;1;0;43;1;"FB9B9";2020-06-18
"874";2020;7;"G2";953;1;1;40;1;"63A42";2020-06-18
"875";2020;7;"G2";954;1;1;44;1;"FBBC8";2020-06-18
"876";2020;7;"G2";955;1;1;32,5;0;"FBB5F";2020-06-18
"877";2020;7;"G2";971;1;0;38;1;"FC0E";2020-06-18
"878";2020;7;"G2";972;1;1;40,5;1;"B611";2020-06-18
"879";2020;7;"G2";973;1;1;29;0;"AA16";2020-06-18
"880";2020;7;"T1-2";1808;1;1;30;0;"3182";2020-06-18
"881";2020;7;"T1-3";1804;0;1;32;0;"FB85A";2020-06-18
"882";2020;7;"T1-3";1803;1;0;33;0;"UNMA";2020-06-18
"883";2020;7;"T1-3";1809;1;0;30;1;"B62B";2020-06-18
"884";2020;7;"T1-3";1810;1;0;28;1;"EC8E";2020-06-18
"885";2020;7;"T2-1";1811;0;1;36;1;"EFB5";2020-06-18
"886";2020;7;"T2-1";1806;1;0;36;0;"B65B";2020-06-18
"887";2020;7;"T2-1";1807;1;0;31;1;"F5CF";2020-06-18
"888";2020;7;"T3-1";1805;0;1;28;1;"FB9D7";2020-06-18
"889";2020;9;"G1";1014;0;1;15;0;"B946";2020-09-10
"890";2020;9;"G1";1015;0;1;40;1;"AA4F";2020-09-10
"891";2020;9;"G1";1016;0;1;24;0;"B8D5";2020-09-10
"892";2020;9;"G1";1043;0;1;14;1;"2379";2020-09-10
"893";2020;9;"G1";984;1;1;25,5;1;"BACD";2020-09-10
"894";2020;9;"G1";985;1;1;22,5;1;"B9F9";2020-09-10
"895";2020;9;"G1";986;1;1;35,5;0;"B82D";2020-09-10
"896";2020;9;"G1";987;1;1;39;0;"A918";2020-09-10
"897";2020;9;"G1";988;1;1;25;0;"B921";2020-09-10
"898";2020;9;"G1";989;1;0;29;1;"AC36";2020-09-10
"899";2020;9;"G1";1017;1;1;12,5;0;"32C0";2020-09-10
"900";2020;9;"G1";1018;1;1;22,5;0;"2252";2020-09-10
"901";2020;9;"G1";1019;1;1;23;0;"AC37";2020-09-10
"902";2020;9;"G11";1006;0;1;21;1;"""1E63""";2020-09-10
"903";2020;9;"G11";1028;1;0;40;0;"F147";2020-09-10
"904";2020;9;"G16";1035;0;1;22;1;"""29000""";2020-09-10
"905";2020;9;"G19";1034;0;1;23;1;"AB5E";2020-09-10
"906";2020;9;"G19";999;1;0;25;0;"BA31";2020-09-10
"907";2020;9;"G19";1030;1;0;26;0;"A94C";2020-09-10
"908";2020;9;"G2";1012;0;1;25;1;"BBEF";2020-09-10
"909";2020;9;"G2";1013;0;1;31;0;"BB57";2020-09-10
"910";2020;9;"G2";1041;0;1;18;1;"20A4";2020-09-10
"911";2020;9;"G2";1042;0;1;19;0;"259C";2020-09-10
"912";2020;9;"G2";990;1;1;20;0;"B9A7";2020-09-10
"913";2020;9;"G2";991;1;1;18,5;0,5;"BB45";2020-09-10
"914";2020;9;"G2";992;1;1;23,5;1;"BA50";2020-09-10
"915";2020;9;"G2";993;1;0;23;1;"A970";2020-09-10
"916";2020;9;"G2";994;1;1;36;1;"B611";2020-09-10
"917";2020;9;"G2";1020;1;0;23;1;"B96A";2020-09-10
"918";2020;9;"G2";1021;1;1;22;1;"BC0A";2020-09-10
"919";2020;9;"G2";1022;1;0;28;0;"BB5F";2020-09-10
"920";2020;9;"G20";1000;1;1;18;1;"BA00";2020-09-10
"921";2020;9;"G4";1039;0;1;26;0;"2B26";2020-09-10
"922";2020;9;"G8";1007;0;1;34;1;"BA9F";2020-09-10
"923";2020;9;"G8";1036;0;1;17;0;"F907";2020-09-10
"924";2020;9;"G8";1037;0;1;17;0;"175E";2020-09-10
"925";2020;9;"G8";1027;1;0;37;0;"BA3F";2020-09-10
"926";2020;9;"T1-2";1831;0;1;16;1;"F73D";2020-09-10
"927";2020;9;"T1-2";1818;1;1;21,5;1;"B89E";2020-09-10
"928";2020;9;"T1-2";1830;1;1;34,5;0;"3182";2020-09-10
"929";2020;9;"T1-3";1832;0;1;23;1;"28A2";2020-09-10
"930";2020;9;"T1-3";1819;1;1;18;1;"B994";2020-09-10
"931";2020;9;"T2-1";1822;0;1;37;0;"ABA6";2020-09-10
"932";2020;9;"T2-1";1813;1;0;18;1;"B967";2020-09-10
"933";2020;9;"T2-1";1814;1;1;13,5;0;"B90F";2020-09-10
"934";2020;9;"T2-1";1815;1;1;40;1;"EFB5";2020-09-10
"935";2020;9;"T2-1";1821;1;1;19;0;"1EA4";2020-09-10
"936";2020;9;"T2-1";1826;1;0;43;0;"B89A";2020-09-10
"937";2020;9;"T2-1";1827;1;0;9;1;"UNMC";2020-09-10
"938";2020;9;"T2-1";1828;1;0;9;1;"UNMD";2020-09-10
"939";2020;9;"T2-2";1833;0;1;37;1;"UNME";2020-09-10
"940";2020;9;"T2-2";1816;1;0;20;1;"B911";2020-09-10
"941";2020;9;"T2-2";1817;1;1;32;1;"BADB";2020-09-10
"942";2020;9;"T2-2";1829;1;0;36;1;"BC11";2020-09-10
"943";2020;9;"T3-2";1824;1;1;16,5;0;"2781";2020-09-10
"944";2020;9;"T5-2";1823;1;0;16;0;"2200";2020-09-10
